"Start","Stop","Strand"
143,1462,"+"
1759,2859,"+"
3161,4255,"+"
4500,4766,"+"
4763,7207,"+"
7411,8082,"+"
8147,8962,"+"
9066,10259,"+"
10703,11368,"+"
11464,12228,"+"
12285,12707,"+"
12711,13121,"+"
13839,16226,"+"
16281,16823,"+"
17042,17959,"+"
18470,18655,"-"
19074,19280,"+"
21732,22826,"-"
22817,23005,"+"
23999,24562,"+"
24572,25048,"+"
25045,25995,"+"
25992,26579,"+"
26603,30295,"+"
30298,30717,"+"
31159,31890,"-"
33018,34220,"+"
34249,34434,"+"
35095,35499,"-"
35823,36176,"-"
36199,36459,"+"
36477,37736,"+"
37919,38800,"+"
39398,39937,"+"
40005,43586,"+"
44209,44655,"+"
44718,45203,"+"
45261,46628,"+"
46805,48991,"-"
50551,51744,"+"
51758,52126,"-"
52898,53077,"+"
53632,53907,"+"
53904,54686,"+"
55178,56212,"-"
57328,58053,"-"
58103,59128,"+"
59534,60574,"+"
61039,61278,"+"
61395,62294,"-"
71808,72623,"+"
72755,73552,"-"
73692,75059,"+"
75785,76582,"+"
76892,77863,"-"
78097,79077,"-"
79744,80889,"-"
80781,83486,"-"
83513,84313,"-"
84385,84939,"-"
86421,86909,"-"
86989,88296,"-"
88345,89697,"-"
89712,89990,"-"
90094,91047,"-"
91047,91943,"-"
92044,92250,"+"
92252,94183,"-"
94237,94878,"-"
94948,95253,"+"
95272,95652,"+"
96231,98063,"-"
98328,98726,"-"
99079,99276,"+"
99277,100407,"+"
100388,101719,"+"
101904,102824,"-"
102867,104213,"+"
104597,105979,"+"
106195,106455,"+"
106499,107011,"+"
107121,107906,"+"
108071,108481,"+"
108909,109685,"+"
109735,109929,"+"
110371,111270,"+"
111285,111641,"+"
111713,112846,"+"
113246,114937,"+"
114995,116023,"-"
117045,118076,"+"
118549,119184,"+"
119366,120409,"+"
120908,123562,"+"
123701,123916,"+"
125027,127051,"-"
127111,128217,"-"
128737,129114,"+"
129214,131037,"+"
131196,132008,"+"
132265,135249,"-"
135299,135493,"-"
135537,135962,"-"
135962,136393,"-"
136408,137883,"-"
137993,139078,"+"
139075,140181,"+"
140099,140653,"-"
141125,142954,"+"
143244,144386,"+"
144696,145553,"-"
145789,147675,"+"
147702,148457,"-"
148592,149338,"-"
149378,151066,"-"
151195,151869,"-"
151968,153197,"+"
153194,153661,"+"
153675,156038,"+"
156052,156732,"-"
156755,157414,"-"
157666,157848,"-"
158249,159064,"+"
159327,160142,"-"
162297,162545,"+"
162532,164328,"+"
165137,165937,"+"
165934,167463,"+"
167622,168767,"-"
168828,170243,"-"
170444,171700,"+"
177524,178339,"+"
178471,179268,"-"
179767,181674,"+"
182075,182815,"-"
183371,184975,"+"
185058,185702,"+"
185927,186940,"-"
187211,187993,"-"
188341,189114,"+"
189953,190414,"+"
191779,192174,"-"
192696,193802,"-"
193945,194376,"-"
194380,195336,"-"
195671,196504,"-"
196538,197338,"-"
197335,197883,"-"
197925,199382,"+"
199373,200107,"+"
201673,203013,"+"
203094,203450,"+"
203937,204140,"+"
204523,205047,"-"
205573,206202,"+"
206814,207521,"-"
207957,208556,"-"
208621,209073,"+"
209239,210198,"-"
210293,213874,"-"
214163,215089,"-"
215628,215957,"+"
216002,216673,"+"
217032,217343,"-"
217572,219047,"+"
219202,219786,"+"
219855,220889,"+"
220968,221762,"+"
221759,222481,"+"
223451,223957,"+"
225673,225882,"+"
225879,227081,"+"
227269,229095,"+"
229134,230888,"+"
231342,232496,"+"
232619,232969,"+"
233036,234880,"+"
234900,235865,"+"
236195,237460,"+"
237460,237978,"+"
238011,238829,"+"
238826,239671,"+"
239754,240134,"+"
240138,241646,"+"
241673,241924,"+"
243718,244365,"+"
244362,245873,"+"
245969,248647,"+"
248755,249132,"+"
249229,250131,"+"
250302,250562,"+"
250717,252819,"+"
252969,253403,"-"
253512,254393,"+"
254467,254691,"-"
254718,255050,"-"
255709,258792,"-"
258789,259898,"-"
260326,260661,"-"
260816,261076,"+"
261598,262512,"+"
262848,264674,"-"
264992,265942,"-"
265939,266688,"-"
266910,267965,"+"
268026,268913,"+"
268910,269467,"+"
269464,270372,"+"
270540,271943,"-"
272001,273350,"-"
273547,273747,"+"
273932,274240,"-"
274558,274866,"+"
275429,275737,"+"
275849,276070,"+"
277708,280707,"+"
281182,282369,"-"
283275,283850,"-"
284260,285513,"-"
285656,286219,"+"
286513,287928,"+"
288196,290250,"-"
290340,290999,"+"
291312,292679,"-"
292803,293918,"-"
293992,294372,"-"
294369,294845,"-"
294851,295213,"-"
295471,296916,"-"
297184,298080,"-"
298786,300495,"-"
302002,304728,"-"
304978,305196,"+"
305201,305599,"+"
305653,308256,"+"
309111,309455,"-"
309452,309964,"-"
311336,312394,"-"
312391,313689,"-"
315284,315628,"-"
315640,315846,"+"
316957,317259,"+"
317249,317530,"+"
317821,318570,"+"
318612,319010,"+"
319266,319622,"+"
319613,320167,"+"
320219,320971,"+"
320968,322275,"+"
322272,322799,"+"
322804,324138,"+"
324135,326369,"+"
326366,327457,"+"
327461,327949,"+"
327957,328622,"+"
328619,328924,"+"
328932,331073,"+"
331095,332600,"+"
332635,334092,"+"
334769,335509,"-"
335568,336899,"-"
337032,338228,"-"
338428,339123,"+"
339107,340489,"+"
340489,341529,"+"
341598,341960,"+"
341954,342277,"+"
342090,342965,"+"
343458,343844,"-"
344400,344657,"+"
344700,345155,"-"
346227,346442,"+"
346772,347245,"-"
347467,350250,"+"
350618,351139,"-"
351572,351760,"+"
352099,353226,"-"
353543,353776,"+"
355141,356526,"-"
357860,360031,"+"
360245,360628,"+"
360636,362792,"+"
363376,364578,"+"
365059,366327,"+"
367337,368599,"+"
369297,370712,"+"
370914,371237,"-"
371381,372103,"+"
373267,374220,"-"
374729,375694,"+"
375998,378427,"-"
378668,379726,"+"
379726,380388,"+"
380388,381056,"+"
381053,381583,"+"
381583,383496,"+"
384873,385631,"+"
385628,387286,"+"
387900,389108,"-"
389990,390604,"-"
390696,390869,"+"
391356,393941,"+"
394483,394665,"-"
394790,395200,"-"
395356,397401,"+"
399121,400143,"+"
400361,400732,"+"
400823,401506,"+"
401522,402970,"+"
403829,404014,"-"
404470,405681,"+"
406080,406652,"+"
406755,406979,"+"
407061,407525,"+"
407533,407811,"-"
407888,408199,"-"
409292,409486,"-"
409578,409973,"-"
409978,411678,"-"
412605,413339,"+"
413341,413778,"+"
413813,414199,"+"
414291,415250,"-"
415519,416688,"+"
417063,418505,"-"
419259,421013,"+"
421059,422360,"+"
422702,424072,"+"
424760,425815,"-"
425830,426135,"-"
426125,426781,"-"
426778,427314,"-"
427456,428205,"-"
428205,428999,"-"
429245,432610,"+"
432607,436335,"+"
436332,436568,"+"
436565,438484,"+"
438786,438968,"+"
439155,440447,"+"
440844,442577,"-"
442832,443710,"-"
443954,444400,"-"
444587,444802,"-"
444975,446021,"+"
446104,446466,"+"
446664,447998,"+"
448471,450693,"+"
451421,451891,"-"
451892,452317,"-"
452314,453084,"-"
453250,453627,"+"
453712,455406,"+"
455556,455930,"+"
457038,457388,"+"
457972,458358,"-"
458451,459455,"-"
459602,460741,"+"
460738,461601,"+"
461761,461946,"+"
462139,463431,"+"
463948,464952,"-"
466482,466907,"+"
466933,468138,"+"
468125,468934,"+"
469887,470525,"+"
470526,471761,"+"
471787,473184,"+"
473417,474556,"-"
474935,475120,"-"
475196,475456,"-"
475480,477048,"+"
479061,479573,"+"
479570,480052,"+"
480049,481305,"+"
481305,481799,"+"
481803,486368,"+"
486365,486820,"+"
487057,488229,"-"
488229,488501,"-"
488523,488969,"-"
488953,489378,"-"
489416,489622,"-"
489619,490164,"-"
490161,490754,"-"
490847,491383,"-"
491516,491782,"-"
491779,492057,"-"
492054,492275,"-"
492272,492721,"-"
492718,493182,"-"
493179,493574,"-"
493571,493969,"-"
494469,494771,"+"
495075,496232,"+"
496232,496699,"+"
497039,497491,"-"
497606,498037,"-"
498114,498410,"+"
498442,498747,"+"
498805,499428,"+"
499530,499913,"-"
499912,500964,"+"
500964,502430,"+"
502827,503435,"+"
503432,505531,"+"
505817,506053,"+"
506050,507612,"+"
507609,509918,"+"
509991,510350,"+"
510422,510646,"+"
510678,511142,"+"
511063,511380,"+"
511368,511667,"+"
511664,512449,"+"
512446,512766,"+"
512763,513236,"+"
513233,513982,"+"
513979,514425,"+"
514590,517103,"+"
517096,518283,"+"
518273,519715,"+"
519706,520134,"+"
520131,520367,"+"
520357,523182,"+"
523175,523687,"+"
523691,524110,"+"
524186,524881,"+"
524878,525129,"+"
525339,526343,"+"
526772,527089,"-"
527049,527336,"-"
527619,527963,"-"
527944,528198,"-"
528651,528965,"+"
528959,529282,"+"
530259,530642,"+"
531197,531760,"-"
532672,532857,"+"
533197,533865,"+"
534357,534557,"+"
534674,535093,"-"
535409,537481,"-"
537646,540771,"-"
541289,542110,"-"
542192,543922,"+"
543926,544291,"+"
544600,545625,"+"
545847,546302,"-"
546449,546847,"-"
547063,547251,"+"
547223,547945,"+"
548216,549112,"+"
549180,549920,"-"
549917,550339,"-"
550357,550572,"-"
550647,551552,"-"
551725,552687,"+"
553023,553823,"-"
553855,554763,"-"
554802,555701,"-"
556098,556328,"+"
556753,557271,"-"
557545,557757,"-"
557785,558051,"+"
558463,560565,"-"
561340,561993,"+"
562089,562298,"+"
562566,563249,"-"
563253,564110,"-"
564176,564844,"-"
565157,566212,"-"
566272,567435,"+"
567432,568589,"+"
568586,569287,"+"
569473,570195,"-"
570192,571298,"-"
571736,572065,"+"
572810,573790,"-"
573856,574659,"-"
574684,575208,"-"
575234,575890,"-"
575900,576592,"-"
576636,578915,"-"
579307,579699,"+"
579702,580592,"+"
580925,581143,"+"
581277,582647,"+"
583338,584708,"+"
584712,587258,"+"
587350,588390,"+"
588390,589307,"+"
589383,590327,"+"
590330,591283,"+"
591267,591680,"+"
591677,592276,"+"
592300,594354,"+"
594635,596278,"-"
596389,596676,"-"
597292,597630,"+"
597627,599903,"+"
600068,600877,"-"
602559,603407,"+"
603402,603668,"-"
604465,604716,"-"
604931,605290,"-"
606421,606897,"-"
607242,608483,"+"
608696,608941,"+"
609069,610427,"+"
610624,611109,"-"
611355,612077,"+"
612114,612581,"+"
612578,612790,"+"
612787,612966,"+"
612971,613198,"+"
613195,613437,"+"
613830,614681,"-"
614678,615820,"-"
616918,617616,"-"
618171,618602,"+"
618599,619285,"+"
619405,619626,"+"
619605,620267,"-"
620725,622017,"-"
622038,622517,"-"
622553,623182,"+"
623237,624094,"+"
624833,626146,"-"
626294,627988,"+"
628438,629745,"+"
629777,630043,"+"
630040,630915,"+"
631121,631384,"+"
632115,632546,"+"
632771,633022,"+"
633032,633577,"+"
633735,634160,"+"
638190,640880,"-"
641367,642320,"+"
642421,643164,"+"
643329,643568,"+"
643726,644961,"+"
645178,646536,"+"
646650,647702,"+"
647732,648691,"+"
648691,649044,"+"
650131,650454,"-"
650441,650677,"-"
650674,652092,"-"
652156,652584,"+"
652586,652864,"-"
652861,655041,"-"
655043,656554,"-"
656627,657193,"-"
657193,658470,"-"
658467,658691,"-"
658964,659155,"-"
659152,659424,"-"
659456,659650,"-"
659647,660048,"-"
660048,660437,"-"
660434,660991,"-"
661716,662381,"-"
662446,662670,"+"
663047,663334,"-"
663809,663997,"+"
663994,664242,"+"
664303,664566,"+"
664595,664861,"+"
664858,665490,"+"
665627,668161,"+"
668704,668901,"+"
669094,669711,"+"
669678,670172,"+"
670183,670494,"+"
670484,670945,"+"
670947,671171,"+"
671344,671883,"+"
671876,673828,"+"
673832,674380,"+"
674377,675975,"+"
675959,677839,"+"
677857,678117,"+"
678117,678440,"+"
678437,678958,"+"
678934,679476,"+"
679473,680060,"+"
680065,680340,"-"
680351,680632,"-"
680840,681178,"+"
681178,682071,"+"
682064,682621,"+"
684285,685463,"+"
685463,685972,"+"
685975,686262,"+"
686389,688608,"+"
688605,689087,"+"
689084,689302,"+"
689293,690375,"+"
690919,691221,"-"
691467,693374,"+"
693442,693969,"+"
694230,694427,"+"
694438,694797,"+"
695075,696070,"+"
696154,698532,"+"
698556,698855,"+"
698836,699192,"+"
700140,700739,"-"
700887,701942,"+"
702728,703132,"-"
703411,704499,"-"
704622,706424,"+"
706505,707407,"+"
707473,708807,"-"
709257,710747,"+"
710744,711232,"+"
711291,712910,"+"
713046,714905,"+"
714905,715867,"+"
716136,716711,"-"
717284,718069,"-"
718066,718506,"-"
718503,718910,"-"
718907,719251,"-"
719245,720540,"-"
720966,721946,"-"
721873,722283,"-"
722310,722579,"+"
722554,723294,"+"
723536,723823,"+"
723820,724800,"+"
724724,725371,"+"
725567,727933,"+"
727911,728345,"+"
728706,730949,"-"
730956,731462,"+"
731613,731855,"+"
732248,734041,"-"
734183,734383,"+"
734432,735226,"+"
735223,735957,"+"
735988,737850,"+"
738450,738656,"+"
738638,738862,"+"
739158,739604,"+"
739615,740601,"+"
740598,740861,"+"
740858,742699,"+"
742708,744183,"+"
744180,745586,"+"
745576,746661,"+"
746661,747932,"+"
747929,749032,"+"
749088,750521,"+"
750524,751486,"+"
751593,752429,"+"
752426,753661,"+"
753831,755066,"+"
755439,756353,"+"
756513,756953,"-"
756966,757925,"+"
758073,760817,"+"
761656,763410,"+"
763690,764538,"-"
764864,765520,"+"
766252,769134,"-"
769640,771418,"-"
771718,773376,"+"
773555,774064,"-"
774081,775484,"-"
776092,777267,"+"
777685,779151,"+"
779394,779639,"+"
779868,780872,"+"
781043,781849,"-"
782054,782629,"+"
783385,784344,"-"
785990,786973,"+"
787165,788346,"-"
788343,789551,"-"
789746,789949,"-"
790042,792420,"+"
792417,793811,"+"
793815,794807,"+"
795191,797029,"-"
797255,799627,"-"
799685,801208,"-"
801215,801493,"+"
801585,804233,"-"
804318,806993,"-"
807008,809437,"-"
809508,810563,"-"
810753,811220,"-"
811609,812916,"+"
812895,813983,"+"
813980,814216,"+"
814283,815959,"+"
817122,817850,"-"
817850,818464,"-"
818487,819164,"-"
819161,819949,"-"
819968,820216,"+"
820210,820608,"-"
821561,822433,"-"
822769,823791,"+"
823788,825005,"+"
825435,826337,"+"
826353,826691,"+"
827092,828903,"-"
828949,830604,"-"
831239,831463,"+"
832245,833030,"-"
833124,833831,"-"
833828,834832,"-"
835765,835944,"-"
836180,836899,"+"
836896,838008,"+"
838143,838805,"+"
838834,839442,"+"
839676,841703,"-"
841823,842380,"-"
842377,844755,"-"
844850,846181,"+"
846203,846433,"+"
846430,849012,"+"
859344,860192,"+"
860095,860397,"-"
861163,861465,"-"
861481,862329,"+"
862801,863649,"+"
863552,863815,"-"
863870,864721,"+"
864624,864926,"-"
864942,865793,"+"
865790,866617,"+"
866864,867217,"-"
867221,867409,"-"
867800,868813,"-"
868810,869910,"-"
870030,870911,"-"
871010,871534,"-"
871534,872019,"-"
872090,873073,"-"
873404,874897,"-"
875047,875940,"+"
876078,876710,"+"
876715,877977,"+"
877970,878731,"+"
878873,879508,"+"
879545,879979,"+"
879999,880775,"+"
881043,881423,"+"
881959,882204,"+"
882252,882563,"+"
882560,883204,"+"
883569,884132,"-"
884246,886693,"-"
886899,887117,"+"
887701,888174,"-"
888220,889365,"-"
889456,890610,"-"
890749,891261,"+"
891367,892290,"+"
892287,893576,"+"
893615,895330,"+"
895887,896072,"-"
896282,896533,"+"
896526,898379,"+"
898383,898634,"+"
898699,899634,"+"
899631,900761,"+"
901122,902000,"-"
902115,903098,"+"
903100,903882,"+"
904363,904821,"+"
904986,906674,"-"
907231,908895,"-"
909577,910830,"+"
910959,911456,"+"
911484,912029,"+"
912455,913549,"+"
914136,914738,"+"
914735,915868,"+"
915898,916362,"+"
916359,916832,"+"
916923,917897,"+"
918311,918610,"+"
918607,918831,"+"
920666,921145,"-"
921192,921752,"-"
921920,922828,"+"
922848,923354,"+"
924533,926542,"+"
927512,927835,"-"
927910,928116,"-"
928656,929288,"+"
931335,931703,"-"
931734,932903,"-"
933201,934550,"+"
934718,937012,"+"
937243,939156,"-"
939331,939957,"+"
939954,940442,"+"
940492,940983,"+"
941155,941439,"+"
941436,943247,"+"
944115,945779,"+"
945879,946736,"-"
946736,948085,"-"
948082,948360,"-"
948453,949397,"+"
949562,950608,"+"
950792,952048,"-"
952045,952485,"-"
952570,953973,"-"
954132,954668,"+"
955057,956067,"+"
956098,957303,"+"
957374,958468,"+"
958533,959849,"+"
959852,960853,"+"
960886,962208,"+"
962344,963498,"+"
963788,965035,"+"
965337,965849,"+"
965867,966310,"+"
966351,966854,"+"
966872,967321,"+"
967332,967841,"+"
967865,972775,"+"
972969,973424,"-"
973480,973962,"-"
974187,975545,"+"
976043,976807,"-"
977229,977720,"-"
977724,978575,"-"
979490,979807,"-"
980876,983875,"+"
983964,984158,"+"
984687,984887,"-"
985119,987110,"-"
987747,990359,"-"
991364,991549,"+"
991516,991734,"+"
992251,995277,"+"
995383,996825,"-"
997973,999280,"+"
1000079,1000855,"-"
1000840,1001997,"-"
1002074,1002865,"-"
1002887,1003369,"-"
1003366,1004382,"-"
1004577,1006931,"-"
1007030,1008364,"-"
1008391,1009581,"-"
1009584,1010438,"-"
1010435,1011202,"-"
1011205,1011762,"-"
1012513,1013856,"-"
1014087,1014767,"+"
1014879,1015199,"+"
1016078,1016380,"+"
1016409,1017140,"-"
1017578,1017826,"+"
1018527,1019186,"-"
1019284,1021176,"-"
1021316,1022035,"-"
1022032,1023045,"-"
1023042,1024475,"-"
1024805,1025899,"+"
1026044,1026847,"-"
1027160,1027375,"+"
1027433,1027828,"+"
1027825,1028208,"+"
1028216,1030006,"+"
1030027,1030812,"+"
1030933,1031181,"+"
1031204,1031584,"+"
1031610,1032851,"+"
1032844,1033566,"+"
1033915,1036392,"+"
1036377,1037039,"+"
1037044,1037481,"+"
1037499,1039247,"+"
1039244,1040263,"+"
1040909,1041550,"+"
1041570,1042046,"+"
1042066,1042638,"+"
1042635,1044593,"+"
1045600,1045971,"-"
1046845,1047048,"-"
1047305,1047790,"-"
1048033,1048632,"-"
1049206,1050390,"+"
1050579,1051154,"-"
1051550,1051771,"+"
1052533,1052826,"-"
1052911,1055682,"+"
1056007,1056249,"-"
1056325,1057038,"+"
1057236,1058360,"+"
1058561,1061803,"+"
1061800,1062276,"+"
1062284,1063204,"+"
1063174,1065015,"+"
1065772,1066797,"+"
1066981,1068501,"+"
1068657,1069793,"+"
1069777,1071930,"+"
1071953,1072825,"-"
1073106,1075712,"+"
1075803,1077164,"+"
1077145,1078551,"+"
1079557,1080519,"+"
1080582,1081409,"-"
1081900,1082628,"-"
1082747,1083316,"+"
1083317,1084810,"+"
1084922,1088797,"+"
1088909,1090366,"+"
1090815,1091372,"-"
1091432,1092799,"+"
1092886,1093791,"-"
1094006,1094575,"+"
1094994,1096052,"+"
1096057,1096746,"+"
1097210,1097428,"+"
1098222,1099595,"-"
1099975,1100550,"-"
1100797,1101219,"-"
1101298,1102698,"-"
1102781,1103644,"-"
1103738,1105285,"-"
1105335,1105862,"-"
1105866,1106336,"-"
1106457,1106762,"-"
1106826,1107623,"-"
1107653,1108024,"-"
1109361,1109672,"+"
1109687,1110334,"+"
1110349,1110957,"+"
1110954,1111256,"+"
1111268,1112095,"+"
1112103,1112372,"+"
1112385,1112720,"+"
1112739,1113458,"+"
1113464,1113877,"+"
1113877,1114074,"+"
1114074,1114340,"+"
1114364,1114732,"+"
1114748,1115065,"+"
1115077,1115616,"+"
1115633,1115938,"+"
1116097,1116495,"+"
1116510,1117037,"+"
1117125,1117484,"+"
1117660,1118199,"+"
1118189,1118380,"+"
1118387,1118830,"+"
1118840,1120213,"+"
1120343,1120699,"+"
1120715,1121107,"+"
1121122,1121748,"+"
1121803,1122801,"+"
1122931,1123311,"+"
1124366,1124626,"+"
1124637,1126157,"+"
1128679,1129812,"+"
1129813,1130865,"+"
1131450,1132742,"+"
1133878,1134339,"-"
1136247,1137542,"+"
1137677,1138303,"+"
1138431,1139711,"+"
1139864,1142335,"+"
1142556,1142840,"+"
1143435,1145402,"+"
1146652,1147677,"+"
1148363,1148572,"+"
1148876,1151368,"+"
1151446,1152486,"+"
1152498,1152980,"+"
1152952,1153278,"+"
1153699,1154409,"+"
1154406,1155086,"+"
1155937,1156494,"-"
1156550,1156915,"-"
1157086,1157322,"+"
1157336,1157500,"+"
1157684,1159087,"+"
1159459,1160076,"+"
1160247,1161233,"-"
1161368,1161862,"-"
1162102,1163931,"+"
1163951,1164436,"+"
1165068,1166330,"+"
1166556,1166810,"+"
1166960,1167265,"+"
1167500,1167739,"+"
1167885,1168085,"+"
1168402,1170525,"+"
1171040,1171819,"-"
1171899,1172831,"-"
1173738,1177373,"+"
1177772,1178263,"-"
1179173,1179562,"-"
1179829,1182330,"-"
1182810,1183292,"-"
1183687,1185444,"+"
1185441,1189262,"+"
1190039,1190935,"+"
1191830,1191985,"+"
1192109,1192426,"+"
1192742,1193068,"+"
1197688,1198884,"+"
1199255,1199494,"-"
1199672,1199944,"-"
1200166,1200564,"-"
1201413,1201652,"-"
1201673,1202203,"-"
1203086,1203979,"+"
1204474,1209399,"+"
1209505,1210518,"-"
1210746,1211600,"+"
1211775,1211993,"-"
1212489,1213070,"+"
1213288,1214205,"-"
1214206,1216581,"-"
1216730,1217551,"+"
1217637,1218134,"+"
1218202,1218690,"+"
1219561,1220010,"+"
1220015,1220386,"+"
1222318,1224369,"-"
1225694,1226815,"-"
1226852,1227541,"-"
1227529,1227807,"-"
1227973,1228776,"-"
1229303,1229809,"+"
1230644,1231963,"+"
1232685,1234001,"-"
1234773,1236284,"-"
1237020,1238909,"-"
1238943,1239383,"+"
1239543,1241207,"+"
1241368,1242198,"+"
1242646,1243938,"+"
1243942,1244298,"+"
1244295,1244990,"+"
1245014,1245517,"+"
1245760,1246302,"-"
1246783,1247799,"-"
1247959,1249605,"-"
1249713,1250297,"+"
1250492,1251133,"-"
1251130,1252056,"-"
1252060,1252890,"-"
1252896,1254014,"-"
1254124,1255386,"+"
1255566,1255784,"+"
1255840,1256040,"+"
1256105,1256302,"+"
1257388,1257684,"+"
1258417,1258704,"+"
1258912,1259955,"+"
1260153,1261103,"+"
1261100,1261585,"+"
1261590,1263653,"+"
1263650,1264771,"+"
1264870,1265910,"+"
1266639,1268795,"+"
1268853,1270376,"+"
1270898,1271401,"-"
1271464,1271721,"-"
1271724,1272533,"-"
1272570,1273286,"-"
1273302,1273880,"-"
1274283,1275470,"+"
1275838,1276518,"+"
1276861,1277430,"-"
1277448,1278014,"-"
1278027,1278731,"-"
1278833,1282444,"+"
1282350,1282655,"-"
1283186,1284250,"-"
1284335,1284550,"-"
1284586,1285770,"-"
1285767,1286309,"-"
1286325,1286537,"-"
1286569,1287168,"+"
1287414,1289156,"-"
1289545,1289856,"+"
1289916,1290656,"+"
1290910,1291206,"+"
1291349,1292368,"+"
1292372,1293232,"+"
1293229,1294188,"+"
1294202,1295248,"+"
1295470,1296420,"-"
1296789,1298645,"+"
1299220,1301469,"-"
1301820,1302257,"+"
1302815,1303027,"+"
1303045,1303812,"-"
1303957,1305162,"-"
1305725,1306888,"+"
1306891,1307796,"+"
1308465,1309304,"+"
1309661,1310911,"-"
1311004,1312953,"-"
1313156,1313377,"+"
1313682,1314563,"-"
1314560,1314895,"-"
1315140,1316066,"+"
1316078,1317196,"+"
1317583,1318617,"+"
1318775,1320571,"+"
1320616,1321386,"+"
1321383,1322045,"+"
1322546,1323763,"+"
1323889,1324695,"+"
1324927,1326318,"-"
1326516,1327481,"+"
1327682,1328158,"-"
1328281,1330083,"-"
1330263,1330805,"-"
1330898,1335298,"+"
1335311,1336786,"-"
1336879,1337265,"+"
1337265,1340207,"+"
1340573,1340914,"-"
1340914,1341522,"-"
1341528,1343525,"-"
1343519,1344478,"-"
1344942,1345940,"-"
1346189,1346683,"+"
1348297,1349208,"+"
1349507,1350715,"+"
1350892,1351419,"-"
1352972,1354744,"-"
1354760,1355029,"-"
1355022,1355414,"-"
1355785,1356657,"-"
1356654,1357604,"-"
1357870,1358187,"-"
1358278,1359666,"-"
1359708,1360430,"-"
1360430,1360960,"-"
1360938,1361507,"-"
1361504,1362052,"-"
1362070,1363071,"-"
1363133,1363360,"+"
1363430,1364707,"+"
1364704,1365006,"+"
1365385,1365714,"-"
1365971,1366855,"+"
1367323,1367562,"-"
1367563,1371531,"-"
1371728,1372516,"-"
1372648,1373622,"-"
1373879,1374772,"-"
1374840,1376075,"+"
1376291,1377655,"-"
1377930,1378541,"-"
1378616,1378831,"-"
1379342,1380277,"-"
1380430,1380618,"-"
1381050,1381697,"+"
1381805,1382587,"+"
1382603,1383370,"+"
1383479,1384093,"-"
1384090,1385229,"-"
1385226,1385684,"-"
1385858,1386178,"+"
1386311,1388587,"+"
1388638,1388847,"-"
1388920,1389138,"-"
1389255,1389986,"-"
1389998,1391131,"-"
1391562,1392527,"-"
1392794,1395148,"+"
1395333,1397243,"+"
1397787,1398431,"+"
1398556,1399923,"+"
1400064,1400495,"+"
1401148,1402644,"+"
1402723,1403289,"+"
1403300,1404037,"-"
1404124,1405308,"+"
1405296,1405712,"+"
1405732,1406736,"-"
1407178,1407363,"+"
1407456,1408745,"+"
1408749,1409819,"+"
1409816,1410856,"+"
1410856,1412013,"+"
1412495,1413391,"+"
1413388,1414734,"+"
1414818,1415672,"-"
1415669,1416814,"-"
1417316,1417645,"-"
1417749,1418999,"-"
1418987,1420255,"-"
1420255,1421091,"-"
1421228,1422685,"-"
1422706,1423167,"-"
1423331,1423798,"+"
1424572,1426725,"+"
1426722,1427030,"+"
1427040,1427894,"+"
1427891,1428562,"+"
1428586,1429470,"+"
1430060,1430611,"+"
1430680,1432059,"+"
1432275,1433630,"-"
1433938,1434699,"+"
1434966,1436921,"+"
1437472,1438086,"+"
1438083,1438292,"+"
1438362,1438841,"-"
1440446,1440862,"+"
1442152,1442997,"-"
1443091,1443537,"-"
1444050,1446101,"+"
1446343,1447056,"-"
1447053,1448759,"-"
1448883,1450721,"-"
1450918,1451832,"+"
1451832,1453814,"+"
1453924,1454223,"-"
1454456,1455070,"-"
1455152,1456015,"-"
1456113,1456838,"+"
1456931,1457533,"+"
1457756,1458907,"+"
1458985,1461480,"+"
1461477,1461815,"+"
1461898,1462839,"-"
1463019,1463216,"+"
1463188,1464015,"-"
1464310,1464669,"+"
1464666,1465577,"+"
1466282,1469296,"+"
1469588,1471288,"+"
1471324,1472541,"+"
1472758,1473192,"+"
1473198,1473704,"+"
1473701,1474099,"+"
1474096,1474722,"+"
1474722,1475567,"+"
1475558,1476694,"+"
1476675,1477307,"+"
1477297,1478064,"+"
1478109,1480436,"+"
1481036,1481242,"+"
1481230,1487409,"+"
1487808,1488368,"+"
1488566,1490161,"+"
1490266,1491201,"+"
1491327,1492016,"+"
1492333,1492575,"+"
1492803,1494092,"+"
1494311,1494703,"-"
1494708,1495136,"-"
1495357,1496010,"+"
1496178,1496972,"-"
1497115,1497804,"+"
1498180,1498383,"+"
1499121,1499951,"-"
1500688,1501149,"+"
1502301,1503737,"-"
1503730,1504158,"-"
1504174,1505349,"-"
1505392,1508220,"-"
1509414,1510682,"-"
1510853,1512220,"-"
1512516,1512728,"+"
1512833,1514242,"+"
1515383,1515631,"-"
1515650,1515889,"-"
1516263,1517150,"+"
1517131,1517820,"+"
1517868,1518230,"+"
1518250,1518948,"+"
1519136,1519402,"+"
1519389,1519727,"+"
1519931,1520428,"+"
1520421,1520750,"+"
1520740,1521201,"+"
1521203,1521415,"+"
1521506,1521904,"+"
1523486,1524790,"+"
1524839,1525120,"-"
1525117,1525455,"-"
1525528,1526373,"+"
1526373,1527563,"+"
1527591,1528073,"+"
1528083,1529066,"+"
1529130,1529429,"+"
1529432,1529806,"+"
1529803,1530276,"+"
1530257,1530637,"+"
1530624,1531094,"+"
1531095,1532591,"+"
1532601,1533038,"+"
1533035,1533457,"+"
1533605,1535494,"+"
1535821,1536069,"+"
1536445,1536873,"-"
1536874,1537128,"-"
1537240,1538010,"+"
1538010,1538327,"+"
1538324,1539154,"+"
1539151,1539792,"+"
1539789,1540142,"+"
1540198,1540491,"-"
1540494,1540790,"-"
1541036,1541287,"+"
1541391,1541837,"-"
1542079,1543056,"-"
1543053,1543928,"-"
1544674,1545258,"+"
1545907,1546863,"+"
1546888,1548240,"+"
1548233,1548469,"+"
1548515,1549150,"+"
1550004,1551284,"+"
1551281,1552297,"+"
1552294,1553499,"+"
1553877,1555376,"-"
1555401,1555637,"+"
1556498,1557427,"-"
1558615,1559469,"+"
1559596,1560963,"-"
1562455,1564359,"+"
1564388,1565062,"+"
1565118,1566116,"+"
1566142,1566900,"+"
1566917,1567834,"+"
1567888,1568697,"-"
1569161,1569403,"-"
1571071,1572201,"-"
1572367,1573401,"-"
1573470,1573667,"-"
1574607,1575491,"+"
1576155,1576979,"-"
1576976,1577755,"-"
1577752,1578951,"-"
1579139,1579405,"+"
1579398,1582703,"+"
1583028,1585619,"-"
1585980,1586999,"-"
1586989,1587246,"-"
1587265,1587720,"-"
1587790,1588629,"-"
1588734,1589531,"-"
1589531,1591174,"-"
1591171,1592097,"-"
1592113,1592934,"-"
1592955,1593329,"-"
1593350,1593541,"-"
1593565,1593756,"-"
1593753,1594154,"-"
1594154,1594612,"-"
1594609,1595154,"-"
1595546,1595734,"+"
1595731,1596342,"+"
1596393,1597067,"-"
1597152,1597397,"+"
1597394,1597699,"-"
1598079,1598267,"+"
1598264,1598512,"+"
1598509,1598892,"+"
1599096,1600208,"+"
1600205,1600513,"+"
1600522,1601598,"+"
1601579,1602268,"+"
1602316,1602678,"+"
1602698,1603396,"+"
1603449,1603703,"+"
1603700,1604035,"+"
1604297,1604794,"+"
1604787,1605116,"+"
1605106,1605567,"+"
1605569,1605781,"+"
1605872,1606270,"+"
1607852,1609156,"+"
1609205,1609486,"-"
1609483,1609821,"-"
1609894,1610739,"+"
1610739,1611929,"+"
1611957,1612439,"+"
1612449,1613432,"+"
1613496,1613795,"+"
1613798,1614172,"+"
1614169,1614642,"+"
1614623,1615003,"+"
1614990,1615460,"+"
1615461,1616957,"+"
1616967,1617404,"+"
1617401,1617823,"+"
1617971,1619860,"+"
1620400,1620588,"+"
1620593,1620763,"-"
1620816,1621091,"-"
1621075,1621302,"-"
1621413,1622183,"+"
1622183,1622500,"+"
1622497,1623327,"+"
1623324,1623965,"+"
1623962,1624315,"+"
1624326,1624631,"-"
1624628,1624930,"-"
1625029,1626174,"+"
1626171,1626731,"+"
1626735,1627898,"+"
1627931,1628410,"-"
1628444,1629559,"-"
1630176,1630508,"+"
1630712,1631056,"+"
1631811,1632725,"-"
1633774,1634505,"+"
1634954,1637560,"+"
1637597,1638382,"-"
1638946,1640907,"+"
1640956,1641609,"-"
1641714,1642004,"+"
1642019,1642411,"-"
1642422,1642814,"-"
1642983,1644065,"-"
1644305,1645294,"-"
1645362,1645610,"-"
1645626,1646393,"-"
1646577,1647638,"-"
1647681,1648880,"-"
1649021,1649896,"-"
1650033,1650950,"-"
1651143,1652249,"+"
1652388,1652966,"+"
1652981,1654027,"+"
1654062,1655135,"+"
1655228,1655608,"+"
1655625,1656353,"-"
1656364,1657689,"-"
1657690,1658847,"-"
1658850,1660067,"-"
1660130,1661014,"-"
1661083,1662153,"-"
1662185,1663240,"-"
1663245,1663988,"-"
1664020,1665036,"-"
1665101,1666150,"-"
1666171,1666812,"-"
1666809,1667522,"-"
1667542,1668771,"-"
1668885,1670003,"-"
1670047,1670550,"-"
1670660,1671634,"+"
1671676,1673526,"-"
1673842,1674468,"+"
1674481,1675110,"+"
1675818,1676078,"-"
1676095,1676502,"-"
1676603,1676926,"-"
1677021,1677683,"-"
1677741,1678643,"-"
1679422,1680264,"-"
1680412,1680765,"-"
1680844,1681647,"-"
1681958,1683376,"-"
1683408,1684076,"-"
1684168,1684662,"-"
1684697,1685107,"-"
1685281,1686171,"+"
1686226,1686504,"-"
1686598,1687335,"-"
1687415,1688101,"-"
1688250,1688642,"-"
1688664,1688876,"-"
1689210,1689767,"-"
1696852,1697304,"-"
1697378,1697911,"-"
1697908,1698657,"-"
1698656,1698841,"+"
1698842,1700092,"-"
1700095,1700655,"-"
1702320,1702568,"-"
1702552,1703427,"-"
1703470,1703682,"-"
1703801,1704556,"-"
1704782,1705075,"-"
1707749,1708375,"-"
1708386,1709114,"-"
1709111,1710064,"-"
1710469,1711638,"-"
1711635,1712615,"-"
1712663,1713445,"-"
1713498,1713935,"+"
1714015,1714455,"+"
1714573,1715091,"+"
1715112,1716152,"+"
1716290,1716862,"-"
1717816,1718697,"+"
1720467,1722293,"+"
1722300,1722620,"+"
1722813,1723409,"+"
1723471,1723815,"+"
1723883,1724404,"-"
1724298,1726349,"-"
1726342,1727301,"-"
1727304,1728257,"-"
1728267,1730114,"+"
1730205,1730714,"+"
1730829,1731023,"+"
1731118,1732092,"+"
1732585,1734144,"-"
1734199,1735251,"-"
1735369,1735614,"-"
1735598,1737349,"-"
1737396,1738403,"-"
1739055,1741238,"-"
1741620,1742618,"-"
1742868,1743299,"-"
1743487,1744659,"-"
1744701,1745369,"-"
1745528,1746856,"-"
1747175,1748026,"-"
1748175,1748822,"+"
1748819,1750477,"+"
1750667,1751131,"-"
1751330,1752535,"-"
1752957,1753511,"-"
1753508,1754359,"-"
1754397,1755356,"-"
1755823,1756536,"+"
1756687,1757472,"-"
1757695,1759104,"+"
1759358,1759696,"+"
1759686,1761164,"+"
1762190,1763617,"-"
1763610,1764659,"-"
1766002,1768734,"+"
1769367,1769678,"+"
1769836,1771446,"+"
1771713,1773230,"+"
1773425,1775194,"-"
1775701,1776393,"+"
1777003,1778181,"+"
1778168,1778500,"+"
1778757,1779080,"-"
1779077,1779298,"-"
1779582,1780016,"-"
1780157,1780459,"+"
1780764,1780946,"+"
1781088,1781309,"+"
1782059,1782613,"+"
1782606,1782890,"+"
1782890,1783960,"+"
1784137,1784385,"-"
1784448,1784735,"-"
1784959,1785306,"+"
1785369,1785680,"+"
1785857,1786936,"-"
1786936,1787220,"-"
1787213,1788430,"-"
1788499,1788720,"-"
1788949,1789254,"-"
1789521,1790108,"-"
1790367,1790549,"-"
1790553,1790819,"-"
1790812,1791120,"-"
1791266,1791700,"+"
1791658,1792302,"-"
1792367,1794517,"-"
1794923,1796728,"+"
1796860,1797639,"+"
1797633,1798139,"-"
1798531,1800063,"+"
1800225,1800956,"-"
1801044,1801793,"+"
1801892,1802545,"-"
1802593,1803408,"-"
1803412,1803948,"-"
1804014,1805333,"-"
1805595,1806635,"-"
1806625,1807059,"-"
1807093,1807866,"-"
1807890,1808315,"-"
1808333,1809364,"-"
1809426,1811330,"-"
1811385,1811969,"-"
1812055,1812576,"-"
1812696,1813430,"-"
1813562,1814110,"-"
1814150,1814422,"-"
1814457,1815506,"-"
1815606,1816799,"-"
1817367,1817840,"+"
1818102,1818716,"+"
1818848,1819654,"-"
1819904,1821400,"+"
1821376,1822002,"+"
1823419,1823937,"+"
1824062,1824634,"+"
1824700,1825290,"+"
1825482,1825760,"-"
1826022,1826750,"+"
1826850,1827050,"-"
1827248,1828219,"+"
1828232,1829770,"+"
1829772,1830641,"+"
1835668,1835976,"-"
1836138,1836932,"+"
1837176,1837769,"+"
1837995,1838633,"+"
1838683,1840683,"-"
1840790,1842088,"-"
1842787,1843437,"-"
1843545,1844039,"-"
1844497,1844697,"+"
1844716,1845108,"+"
1845767,1847935,"+"
1848018,1848455,"-"
1849182,1850480,"+"
1850519,1851487,"+"
1852338,1853795,"+"
1854185,1854655,"-"
1854677,1855876,"-"
1855863,1861019,"-"
1861127,1863169,"-"
1863209,1863739,"-"
1863756,1864172,"-"
1864428,1865372,"+"
1865350,1866249,"+"
1866501,1867367,"+"
1867554,1869722,"-"
1869815,1870738,"-"
1871049,1872686,"-"
1873134,1873367,"-"
1873558,1873941,"+"
1874325,1875230,"-"
1875227,1877749,"-"
1877733,1877951,"-"
1877948,1879552,"-"
1880089,1881105,"-"
1881257,1881577,"-"
1881781,1882248,"+"
1883624,1885207,"+"
1885366,1886679,"+"
1887189,1889411,"+"
1889583,1890476,"-"
1891180,1894752,"-"
1895114,1895293,"-"
1895688,1896299,"+"
1896964,1897527,"+"
1898181,1898930,"-"
1899019,1899246,"-"
1902087,1903298,"-"
1903620,1904171,"-"
1905284,1906480,"+"
1906829,1907863,"-"
1907860,1908735,"-"
1908774,1910003,"-"
1910530,1910910,"+"
1910962,1911621,"+"
1911707,1911979,"+"
1912154,1913242,"-"
1913316,1913867,"-"
1913995,1914420,"+"
1914944,1915177,"-"
1916095,1917432,"-"
1917643,1918218,"+"
1918502,1919053,"+"
1919177,1920505,"-"
1920514,1921071,"-"
1921264,1921485,"+"
1921482,1921781,"+"
1922304,1922894,"+"
1922891,1923358,"+"
1923421,1924068,"+"
1924521,1925069,"-"
1925444,1927081,"-"
1927441,1927737,"+"
1928048,1929346,"-"
1929563,1930999,"+"
1930996,1931682,"+"
1931814,1932812,"+"
1932907,1933971,"+"
1934189,1934821,"-"
1934942,1935499,"-"
1935490,1935684,"-"
1935689,1936063,"-"
1936060,1936290,"-"
1936530,1936781,"+"
1936778,1937086,"+"
1937083,1937304,"+"
1937225,1937557,"+"
1937477,1938853,"-"
1938855,1939139,"-"
1939136,1940014,"-"
1940026,1941345,"-"
1941263,1941913,"-"
1941921,1942778,"-"
1942781,1943881,"-"
1943886,1944647,"-"
1944658,1945380,"-"
1945702,1945929,"-"
1945929,1946294,"-"
1946651,1946980,"-"
1947062,1947763,"-"
1947827,1948432,"-"
1948438,1949814,"-"
1949836,1950072,"-"
1950881,1952281,"-"
1952287,1952763,"-"
1952766,1953656,"-"
1953673,1954389,"-"
1956924,1957244,"-"
1957247,1957639,"-"
1958143,1958679,"+"
1958708,1960765,"+"
1960768,1961130,"+"
1961136,1965251,"+"
1965266,1965475,"+"
1966034,1966237,"-"
1966289,1966558,"-"
1966667,1966975,"-"
1966979,1967251,"-"
1967248,1967703,"-"
1968112,1968228,"-"
1968283,1968546,"-"
1969289,1969531,"-"
1970188,1970484,"-"
1970472,1970750,"-"
1971533,1972192,"+"
1972173,1972574,"+"
1972992,1973273,"-"
1973260,1973520,"-"
1973850,1974656,"-"
1974702,1977764,"-"
1977761,1978867,"-"
1978950,1979567,"-"
1980176,1980769,"+"
1982043,1982462,"-"
1982816,1983775,"-"
1983861,1984628,"-"
1984713,1989704,"-"
1990522,1991712,"+"
1991727,1994894,"+"
1994975,1995535,"-"
1995607,1996506,"-"
1996752,1997009,"+"
1997252,1997458,"-"
1997839,1998726,"+"
1998801,1999706,"+"
2000035,2000643,"-"
2000640,2000882,"-"
2001237,2001572,"+"
2002111,2004000,"+"
2005047,2005232,"+"
2005406,2005624,"-"
2006148,2006480,"-"
2006803,2007045,"+"
2007058,2007309,"+"
2007404,2007703,"+"
2007754,2008146,"+"
2008482,2008994,"-"
2008987,2011812,"-"
2011802,2012038,"-"
2012035,2012463,"-"
2012590,2013000,"-"
2013033,2013512,"-"
2013509,2013745,"-"
2013822,2014835,"-"
2016462,2017514,"-"
2017513,2017896,"+"
2017998,2018621,"-"
2019016,2019261,"-"
2019346,2020365,"+"
2021130,2021354,"+"
2022417,2024354,"-"
2024516,2026897,"+"
2026987,2027658,"-"
2028310,2030676,"+"
2030889,2031149,"+"
2031755,2033473,"+"
2033851,2034945,"+"
2035057,2036031,"+"
2036031,2036894,"+"
2036915,2037745,"+"
2037765,2038475,"+"
2038704,2039336,"+"
2039929,2040726,"+"
2040763,2041146,"+"
2041161,2042039,"+"
2042614,2043888,"+"
2043924,2044112,"-"
2044119,2044868,"-"
2044890,2045942,"+"
2045960,2046367,"-"
2047227,2047919,"+"
2047997,2048716,"-"
2048713,2049165,"-"
2049179,2049829,"-"
2049841,2050617,"+"
2050956,2051186,"+"
2052026,2052253,"+"
2052376,2054694,"+"
2055568,2057640,"+"
2057735,2058349,"+"
2058532,2059068,"+"
2059507,2059725,"+"
2059817,2060677,"-"
2060828,2061433,"+"
2061577,2064216,"+"
2064308,2064916,"+"
2064927,2065958,"+"
2065988,2066656,"+"
2066674,2067120,"+"
2067572,2067799,"-"
2067796,2067981,"-"
2068056,2068289,"+"
2068495,2069607,"+"
2069604,2070851,"+"
2070975,2071583,"-"
2072103,2072327,"+"
2072355,2072684,"-"
2073320,2074426,"-"
2074837,2075229,"-"
2075239,2075571,"-"
2075742,2076125,"-"
2076130,2086458,"-"
2086677,2086871,"+"
2086965,2087366,"-"
2087371,2087643,"-"
2087701,2088093,"-"
2088556,2089476,"+"
2089577,2090026,"+"
2090109,2090675,"+"
2090973,2092361,"-"
2092565,2093806,"+"
2093940,2095391,"+"
2095466,2096899,"+"
2096904,2097560,"+"
2097597,2098163,"+"
2098166,2098864,"+"
2099089,2099709,"-"
2099702,2100475,"-"
2100600,2101397,"-"
2101394,2101996,"-"
2101993,2103120,"-"
2103117,2104214,"-"
2104211,2105506,"-"
2105503,2106417,"-"
2106414,2106752,"-"
2107298,2108698,"-"
2109013,2110305,"-"
2110352,2111320,"-"
2111317,2113824,"-"
2114312,2115265,"-"
2115285,2115752,"-"
2115745,2116311,"-"
2116415,2116603,"+"
2116788,2117978,"-"
2118264,2118455,"-"
2118589,2120853,"-"
2121360,2122241,"-"
2122386,2122868,"-"
2123146,2125530,"-"
2126364,2129240,"+"
2129361,2129603,"+"
2130143,2130763,"+"
2130760,2131491,"+"
2131589,2133133,"+"
2133332,2135125,"+"
2135232,2136026,"+"
2136023,2136436,"+"
2136423,2137106,"+"
2137103,2137999,"+"
2138170,2138901,"+"
2139060,2140967,"-"
2141567,2143300,"-"
2143297,2143617,"-"
2144143,2146086,"+"
2146724,2147308,"+"
2147674,2148156,"+"
2148947,2150521,"+"
2150826,2152892,"-"
2153316,2155277,"-"
2155456,2155641,"-"
2156013,2157536,"+"
2157650,2158477,"+"
2158533,2160032,"+"
2160246,2161013,"-"
2161322,2162188,"+"
2162380,2162787,"+"
2162799,2165075,"+"
2165142,2165852,"+"
2166585,2168228,"-"
2168522,2168830,"-"
2168848,2169570,"-"
2169609,2170580,"-"
2170954,2171886,"-"
2171886,2172680,"-"
2172979,2173932,"-"
2174738,2176018,"-"
2176140,2176835,"+"
2177071,2178132,"-"
2178144,2178440,"-"
2178437,2178751,"-"
2180361,2180639,"+"
2180641,2180949,"-"
2181049,2181726,"+"
2181723,2183135,"+"
2184193,2184657,"-"
2184654,2185427,"-"
2186143,2186997,"+"
2187092,2188426,"-"
2189780,2190163,"+"
2190566,2191570,"-"
2192194,2192691,"+"
2192899,2193348,"+"
2194042,2194677,"-"
2194674,2196539,"-"
2197200,2197931,"+"
2198032,2198532,"+"
2198683,2199117,"+"
2200969,2201247,"-"
2201483,2201755,"-"
2201872,2202111,"-"
2202300,2202500,"-"
2202957,2204285,"-"
2204374,2205498,"-"
2205578,2206666,"-"
2207327,2208442,"+"
2208529,2209713,"-"
2209710,2210456,"-"
2210453,2211994,"-"
2212193,2212693,"-"
2212802,2213596,"-"
2213593,2214498,"-"
2214585,2214965,"-"
2214970,2215203,"+"
2215260,2215973,"-"
2216032,2216298,"+"
2216453,2217574,"-"
2217643,2218749,"-"
2218887,2220803,"-"
2220937,2221455,"-"
2221578,2222627,"-"
2222746,2224419,"+"
2224563,2224973,"-"
2225087,2225479,"+"
2225508,2225750,"-"
2225752,2226192,"-"
2226256,2226759,"+"
2226959,2229157,"-"
2230084,2230287,"-"
2231115,2231669,"-"
2231669,2232676,"-"
2232868,2233365,"-"
2233427,2234758,"-"
2234956,2235666,"+"
2235883,2236656,"-"
2236827,2238011,"-"
2238081,2239613,"-"
2239610,2239888,"-"
2239990,2241132,"-"
2241543,2242634,"-"
2242631,2243905,"-"
2243951,2245405,"-"
2245617,2247020,"-"
2247023,2247676,"-"
2248375,2249448,"-"
2250032,2250679,"-"
2250889,2252313,"-"
2253881,2254186,"+"
2254473,2254688,"+"
2254889,2255716,"-"
2255906,2257141,"+"
2257207,2260422,"+"
2260514,2263618,"+"
2263771,2264355,"-"
2264709,2265758,"-"
2266574,2267191,"-"
2267333,2267608,"+"
2267804,2268730,"-"
2268796,2269572,"+"
2269845,2271119,"-"
2271534,2273696,"+"
2273693,2275114,"+"
2275731,2276354,"+"
2276351,2276623,"+"
2276626,2277243,"+"
2277240,2277512,"+"
2277515,2278138,"+"
2278135,2278407,"+"
2278410,2279027,"+"
2279027,2285218,"+"
2285315,2285554,"+"
2285562,2289128,"+"
2289970,2292303,"-"
2293298,2295082,"-"
2295253,2295522,"+"
2295710,2296660,"-"
2296718,2297221,"-"
2297370,2300201,"-"
2300198,2301145,"-"
2301306,2302916,"-"
2303016,2303285,"+"
2303399,2304472,"-"
2304644,2304901,"-"
2304925,2305245,"-"
2305586,2308483,"+"
2308607,2309542,"-"
2310051,2311115,"-"
2311167,2312735,"-"
2312971,2314428,"-"
2314545,2315420,"-"
2315651,2316541,"-"
2316541,2318448,"-"
2318461,2319438,"-"
2319438,2320616,"-"
2320621,2320926,"-"
2320967,2321281,"-"
2321391,2323067,"-"
2323296,2323967,"-"
2324214,2324339,"+"
2324513,2324842,"+"
2324842,2325933,"+"
2326022,2326909,"+"
2326996,2328213,"+"
2328376,2331537,"-"
2331543,2332379,"-"
2332376,2333257,"-"
2333254,2334546,"-"
2334550,2336151,"-"
2336780,2337070,"-"
2337702,2338610,"+"
2338597,2339580,"+"
2339573,2341003,"+"
2341400,2341909,"-"
2342070,2342741,"+"
2342738,2343433,"+"
2343467,2344210,"+"
2344207,2344371,"+"
2344368,2344829,"+"
2344949,2346889,"+"
2346882,2347475,"+"
2347472,2347906,"+"
2347903,2348547,"+"
2348696,2348962,"+"
2349138,2350250,"+"
2353056,2353745,"-"
2353779,2354468,"-"
2354455,2355195,"-"
2355226,2356569,"-"
2356707,2357273,"-"
2357377,2358405,"+"
2358529,2359287,"-"
2359411,2360238,"+"
2360408,2361088,"+"
2361085,2361492,"+"
2361812,2362894,"-"
2362885,2363103,"-"
2363100,2363582,"-"
2363579,2365798,"-"
2365925,2366212,"-"
2366215,2366724,"-"
2366724,2367902,"-"
2367967,2369559,"-"
2369567,2370124,"-"
2370117,2371010,"-"
2371010,2371348,"-"
2371566,2371868,"+"
2371871,2372272,"+"
2372341,2372928,"-"
2372925,2373467,"-"
2373443,2373964,"-"
2373961,2374284,"-"
2374284,2374544,"-"
2374562,2376442,"-"
2376426,2378024,"-"
2378021,2378569,"-"
2378573,2380525,"-"
2380518,2381057,"-"
2381230,2381454,"-"
2381456,2381917,"-"
2381907,2382218,"-"
2382229,2382723,"-"
2382690,2383307,"-"
2383798,2386329,"-"
2386432,2387250,"-"
2388038,2388283,"-"
2388344,2388592,"-"
2388589,2388777,"-"
2388757,2389668,"+"
2389733,2390503,"+"
2390672,2391211,"+"
2391248,2391559,"+"
2392308,2392697,"+"
2392694,2393095,"+"
2393155,2393637,"-"
2393662,2393940,"+"
2393937,2394128,"+"
2394152,2394343,"+"
2394375,2394572,"+"
2394843,2395067,"+"
2395064,2396341,"+"
2396341,2396907,"+"
2396976,2398490,"+"
2398492,2400672,"+"
2400669,2400947,"+"
2400949,2401344,"-"
2401429,2402847,"+"
2403001,2403249,"+"
2403249,2404268,"+"
2404589,2404867,"+"
2407544,2408221,"+"
2408214,2409551,"+"
2409818,2410441,"-"
2410453,2411316,"-"
2411323,2412582,"-"
2412967,2413413,"+"
2414710,2415156,"+"
2415594,2415944,"-"
2415976,2417709,"+"
2417803,2419215,"-"
2419401,2421011,"-"
2421266,2422429,"+"
2422458,2423330,"+"
2424313,2426058,"-"
2426592,2429093,"-"
2429336,2432017,"-"
2432210,2433274,"-"
2433431,2434120,"-"
2434326,2435276,"-"
2435273,2435746,"-"
2435757,2438252,"-"
2438999,2439730,"-"
2439789,2443292,"-"
2443510,2443959,"-"
2444117,2444347,"-"
2444359,2444790,"-"
2445030,2445368,"-"
2445579,2446979,"+"
2447508,2447756,"-"
2447778,2448581,"+"
2448588,2449328,"+"
2449366,2449554,"-"
2449688,2449978,"+"
2450268,2451323,"+"
2451320,2452375,"+"
2452369,2453304,"+"
2453978,2455243,"-"
2455273,2455470,"-"
2455465,2456682,"+"
2456679,2457257,"+"
2457517,2458395,"-"
2458584,2459384,"-"
2460337,2462097,"+"
2463660,2464316,"+"
2464339,2465697,"+"
2466336,2467088,"-"
2467210,2467440,"+"
2467821,2469347,"-"
2469416,2471512,"-"
2471617,2472957,"-"
2472975,2473670,"-"
2473753,2475417,"-"
2475500,2475805,"+"
2476491,2477498,"+"
2477800,2478378,"-"
2479085,2479603,"+"
2479632,2480933,"+"
2481488,2481811,"+"
2481857,2483350,"-"
2483467,2484066,"-"
2484156,2484506,"+"
2484514,2484927,"+"
2485339,2486331,"-"
2486732,2490130,"+"
2490561,2491223,"-"
2491473,2492246,"-"
2492970,2493368,"+"
2494416,2495027,"-"
2495269,2495709,"+"
2495706,2496122,"+"
2496177,2498048,"-"
2498117,2498302,"+"
2498328,2499887,"-"
2500290,2500511,"-"
2502027,2504099,"+"
2504341,2505210,"-"
2506923,2508113,"-"
2508220,2510337,"-"
2510474,2510941,"-"
2510957,2511331,"-"
2511584,2515807,"-"
2515906,2520060,"-"
2520307,2520675,"-"
2520730,2521257,"-"
2521760,2522458,"-"
2522463,2522891,"-"
2523088,2523645,"-"
2523659,2524066,"-"
2524305,2525495,"-"
2526040,2527131,"-"
2527145,2527723,"-"
2527779,2528405,"-"
2528514,2529473,"-"
2529683,2530579,"-"
2530558,2531208,"-"
2531205,2532884,"-"
2532951,2534249,"+"
2534227,2535312,"+"
2535774,2537948,"-"
2537992,2538204,"+"
2538305,2538832,"-"
2538858,2539040,"-"
2539018,2539587,"+"
2539983,2540174,"-"
2541146,2541454,"+"
2543314,2543982,"+"
2544540,2545136,"-"
2545135,2545380,"+"
2545849,2546163,"-"
2546495,2547676,"-"
2547673,2548176,"-"
2548239,2548508,"+"
2549096,2550082,"+"
2551143,2553308,"-"
2554533,2555891,"-"
2556133,2558109,"-"
2558938,2560545,"-"
2561252,2563153,"-"
2563236,2564597,"-"
2564707,2564922,"+"
2564919,2565488,"-"
2565485,2566450,"-"
2566888,2569089,"+"
2570566,2571432,"-"
2571566,2572327,"-"
2572333,2573181,"-"
2573195,2574133,"-"
2574130,2574816,"-"
2574884,2576518,"-"
2576711,2577052,"+"
2577263,2578957,"+"
2579537,2581768,"-"
2582849,2584303,"-"
2584456,2585766,"-"
2585963,2587684,"+"
2588067,2589137,"+"
2590119,2591603,"-"
2591744,2596213,"-"
2596200,2596499,"+"
2596676,2597530,"+"
2598251,2600857,"+"
2603746,2604315,"+"
2604406,2605296,"+"
2606073,2606450,"-"
2606910,2609981,"-"
2609968,2611371,"-"
2613755,2614456,"-"
2614467,2617490,"-"
2617487,2618716,"-"
2618983,2620560,"-"
2621080,2621682,"+"
2621702,2621902,"-"
2622640,2624172,"+"
2624153,2624866,"+"
2624859,2628293,"+"
2628290,2629495,"+"
2629798,2630052,"-"
2630015,2630302,"-"
2630677,2633811,"-"
2633931,2634563,"-"
2634560,2635798,"-"
2635782,2637341,"-"
2638020,2638274,"-"
2638760,2639548,"-"
2640122,2641072,"-"
2641196,2641414,"+"
2641670,2642275,"-"
2642885,2643733,"+"
2643806,2644699,"+"
2644806,2645270,"+"
2645291,2645800,"+"
2645802,2646386,"+"
2646617,2647129,"+"
2647126,2651016,"+"
2651668,2652429,"-"
2653624,2655018,"+"
2655084,2655392,"-"
2655396,2655695,"-"
2655779,2656549,"+"
2656549,2656815,"+"
2657679,2657933,"-"
2658207,2658590,"-"
2658602,2658913,"-"
2659103,2659525,"-"
2659506,2660273,"-"
2660212,2660751,"-"
2661127,2661507,"-"
2661512,2671879,"-"
2672468,2672719,"+"
2672723,2674078,"-"
2674075,2676786,"-"
2676877,2678574,"-"
2678619,2679026,"-"
2679085,2679225,"-"
19,870,"-"
922,1176,"-"
47,301,"+"
435,1010,"+"
1012,2994,"+"
3065,3328,"+"
3353,3709,"+"
3712,4080,"+"
4094,6541,"+"
6538,7218,"+"
7264,7500,"+"
7542,7790,"+"
7794,8840,"+"
8978,9169,"+"
9150,9971,"+"
9982,10818,"+"
10818,12161,"+"
12146,13189,"+"
13194,15164,"+"
15175,17466,"+"
17463,17660,"+"
17657,17983,"+"
18031,18357,"+"
18343,18900,"-"
18959,19261,"-"
19412,19831,"-"
19831,20070,"-"
20466,20738,"+"
20735,21220,"+"
21694,21966,"-"
22031,22357,"-"
22344,22574,"-"
23143,23310,"-"
23811,24830,"-"
25191,25946,"-"
26349,26735,"+"
27208,27807,"-"
27813,29189,"-"
29211,29447,"-"
29464,30237,"-"
30256,31659,"-"
31665,32141,"-"
32144,33034,"-"
33051,33767,"-"
36275,36595,"+"
36725,37051,"+"
37255,37572,"+"
37587,38978,"-"
38963,39538,"-"
39739,40128,"+"
40125,40832,"+"
40842,41315,"+"
41319,41771,"+"
41821,42408,"+"
42611,43195,"-"
43283,44131,"-"
44495,44938,"+"
44935,45213,"-"
45192,45731,"-"
45706,46911,"-"
46908,47672,"-"
47835,48245,"-"
48319,49110,"-"
49484,49927,"+"
50139,50915,"-"
